{
    "mse_loss": 181.98651589844354,
    "mae_loss": 1.0406686701891534,
    "rmsle_loss": 0.3884287553319434,
    "accuracy_score": 0.7402889237853929
}