{
    "mse": 209.0176301890148,
    "mae": 1.0470557897059791,
    "rmsle": 0.38876283736031303
}