{
    "mse": 3950.6272786796058,
    "mae": 1.1139266384671729,
    "rmsle": 0.38933430032937877
}